/* Rodion Yaryy */

Show warnings enabled.

use vets; 
Database changed

mysql> select user(), current_date(), version(), @@sql_mode\G
*************************** 1. row ***************************
        user(): root@localhost
current_date(): 2016-02-29
     version(): 5.7.10
    @@sql_mode: ONLY_FULL_GROUP_BY,STRICT_TRANS_TABLES,NO_ZERO_IN_DATE,NO_ZERO_DATE,ERROR_FOR_DIVISION_BY_ZERO,NO_AUTO_CREATE_USER,NO_ENGINE_SUBSTITUTION
1 row in set (0.00 sec)


/*  TASK 01 */
select cl_id
, cl_name_last
, ifnull(cl_name_first, '')
, ifnull(cl_phone, 'no phone number')
from vets.vt_clients;

+-------+--------------+---------------------------+-------------------------------------+
| cl_id | cl_name_last | ifnull(cl_name_first, '') | ifnull(cl_phone, 'no phone number') |
+-------+--------------+---------------------------+-------------------------------------+
|   254 | Boston       | Edger                     | no phone number                     |
|   411 | Carter       | James                     | 510.258.4546                        |
|  1825 | Harris       | Eddie                     | no phone number                     |
|  1852 | Dalrymple    | Jack                      | 701.328.2725                        |
|  3423 | Hawkins      | Coleman                   | 937.258.5645                        |
|  3560 | Monk         | Theo                      | 212.582.6245                        |
|  3561 | Pickett      | Wilson                    | 212.584.9871                        |
|  4087 | Turrentine   | Stanley                   | 619.231.1515                        |
|  4534 | Montgomery   | Wes                       | no phone number                     |
|  5686 | Biederbecke  |                           | 217.239.6945                        |
|  5689 | Biederbecke  |                           | 415.239.6945                        |
|  5698 | Biederbecke  | Sue                       | 217.239.6875                        |
|  5699 | Biederbecke  | Sam                       | 415.239.6875                        |
|  6426 | Hawkins      | Coleman                   | no phone number                     |
|  6897 | Drake        | Donald                    | no phone number                     |
|  7152 | Brubeck      | Dave                      | 258.257.2727                        |
|  7212 | Davis        | Donald                    | no phone number                     |
+-------+--------------+---------------------------+-------------------------------------+
17 rows in set (0.00 sec)

select cl_id
, cl_name_last
, coalesce(cl_name_first, '')
, coalesce(cl_phone, 'no phone number')
from vets.vt_clients;

+-------+--------------+-----------------------------+---------------------------------------+
| cl_id | cl_name_last | coalesce(cl_name_first, '') | coalesce(cl_phone, 'no phone number') |
+-------+--------------+-----------------------------+---------------------------------------+
|   254 | Boston       | Edger                       | no phone number                       |
|   411 | Carter       | James                       | 510.258.4546                          |
|  1825 | Harris       | Eddie                       | no phone number                       |
|  1852 | Dalrymple    | Jack                        | 701.328.2725                          |
|  3423 | Hawkins      | Coleman                     | 937.258.5645                          |
|  3560 | Monk         | Theo                        | 212.582.6245                          |
|  3561 | Pickett      | Wilson                      | 212.584.9871                          |
|  4087 | Turrentine   | Stanley                     | 619.231.1515                          |
|  4534 | Montgomery   | Wes                         | no phone number                       |
|  5686 | Biederbecke  |                             | 217.239.6945                          |
|  5689 | Biederbecke  |                             | 415.239.6945                          |
|  5698 | Biederbecke  | Sue                         | 217.239.6875                          |
|  5699 | Biederbecke  | Sam                         | 415.239.6875                          |
|  6426 | Hawkins      | Coleman                     | no phone number                       |
|  6897 | Drake        | Donald                      | no phone number                       |
|  7152 | Brubeck      | Dave                        | 258.257.2727                          |
|  7212 | Davis        | Donald                      | no phone number                       |
+-------+--------------+-----------------------------+---------------------------------------+
17 rows in set (0.00 sec)

/*  TASK 02 */
select concat(
  cl_id, ' '
, if (cl_name_first is null, concat(cl_name_last, ': '), concat(cl_name_last, ', ', cl_name_first, ': '))
, if (cl_phone is null, 'No phone', concat('Phone: ', cl_phone))  
) as 'Client'
from vets.vt_clients;

+-----------------------------------------------+
| Client                                        |
+-----------------------------------------------+
| 254 Boston, Edger: No phone                   |
| 411 Carter, James: Phone: 510.258.4546        |
| 1825 Harris, Eddie: No phone                  |
| 1852 Dalrymple, Jack: Phone: 701.328.2725     |
| 3423 Hawkins, Coleman: Phone: 937.258.5645    |
| 3560 Monk, Theo: Phone: 212.582.6245          |
| 3561 Pickett, Wilson: Phone: 212.584.9871     |
| 4087 Turrentine, Stanley: Phone: 619.231.1515 |
| 4534 Montgomery, Wes: No phone                |
| 5686 Biederbecke: Phone: 217.239.6945         |
| 5689 Biederbecke: Phone: 415.239.6945         |
| 5698 Biederbecke, Sue: Phone: 217.239.6875    |
| 5699 Biederbecke, Sam: Phone: 415.239.6875    |
| 6426 Hawkins, Coleman: No phone               |
| 6897 Drake, Donald: No phone                  |
| 7152 Brubeck, Dave: Phone: 258.257.2727       |
| 7212 Davis, Donald: No phone                  |
+-----------------------------------------------+
17 rows in set (0.00 sec)

/*  TASK 03 */
select
  srv_id
, format(srv_list_price, 2) as srv_list_price
, format(round(srv_list_price, -1), 2) as 'RoundedToTens'
, format(round(srv_list_price, 0), 2) as 'RoundedUpToDollar'
from vets.vt_services
where srv_id between 500 and 599;

+--------+----------------+---------------+-------------------+
| srv_id | srv_list_price | RoundedToTens | RoundedUpToDollar |
+--------+----------------+---------------+-------------------+
|    523 | 60.00          | 60.00         | 60.00             |
|    524 | 25.00          | 30.00         | 25.00             |
|    551 | 35.50          | 40.00         | 36.00             |
|    552 | 25.15          | 30.00         | 25.00             |
|    553 | 25.85          | 30.00         | 26.00             |
+--------+----------------+---------------+-------------------+
5 rows in set (0.00 sec)

/*  TASK 04 */
select * from vets.vt_services
where inStr(srv_desc, 'Dental') > 0 and inStr(srv_desc, 'Feline') = 0;

+--------+----------------+------------------------+-----------+
| srv_id | srv_list_price | srv_desc               | srv_type  |
+--------+----------------+------------------------+-----------+
|    101 |          50.00 | Dental Cleaning-Canine | treatment |
|    110 |         100.00 | Dental Cleaning-Other  | treatment |
|    604 |         109.00 | Dental Scaling         | treatment |
+--------+----------------+------------------------+-----------+
3 rows in set (0.00 sec)

/*  TASK 05 */
select ex_id
, ex_date as 'ExamDatel'
, date_format(ex_date, '%Y-%m-%d') as 'ExamDate2'
, date_format(ex_date, '%Y-%m-%d') as 'ExamDate3'
, date_format(ex_date, '%M %e, %Y') as 'ExamDate4'
from vets.vt_exam_headers;

+-------+---------------------+------------+------------+-------------------+
| ex_id | ExamDatel           | ExamDate2  | ExamDate3  | ExamDate4         |
+-------+---------------------+------------+------------+-------------------+
|  2205 | 2015-04-08 10:30:00 | 2015-04-08 | 2015-04-08 | April 8, 2015     |
|  2228 | 2015-04-04 12:30:00 | 2015-04-04 | 2015-04-04 | April 4, 2015     |
|  2289 | 2015-04-11 13:00:00 | 2015-04-11 | 2015-04-11 | April 11, 2015    |
|  2290 | 2015-04-11 17:00:00 | 2015-04-11 | 2015-04-11 | April 11, 2015    |
|  2300 | 2015-05-08 09:15:00 | 2015-05-08 | 2015-05-08 | May 8, 2015       |
|  2352 | 2015-05-12 09:15:00 | 2015-05-12 | 2015-05-12 | May 12, 2015      |
|  2389 | 2015-05-20 09:45:00 | 2015-05-20 | 2015-05-20 | May 20, 2015      |
|  2400 | 2015-06-02 13:00:00 | 2015-06-02 | 2015-06-02 | June 2, 2015      |
|  3001 | 2015-10-24 10:45:00 | 2015-10-24 | 2015-10-24 | October 24, 2015  |
|  3002 | 2015-10-02 13:00:00 | 2015-10-02 | 2015-10-02 | October 2, 2015   |
|  3003 | 2015-10-02 13:00:00 | 2015-10-02 | 2015-10-02 | October 2, 2015   |
|  3010 | 2015-10-22 10:45:00 | 2015-10-22 | 2015-10-22 | October 22, 2015  |
|  3104 | 2016-01-09 16:30:00 | 2016-01-09 | 2016-01-09 | January 9, 2016   |
|  3105 | 2015-10-10 09:15:00 | 2015-10-10 | 2015-10-10 | October 10, 2015  |
|  3202 | 2015-10-03 14:30:00 | 2015-10-03 | 2015-10-03 | October 3, 2015   |
|  3288 | 2016-01-31 09:00:00 | 2016-01-31 | 2016-01-31 | January 31, 2016  |
|  3304 | 2015-11-06 10:30:00 | 2015-11-06 | 2015-11-06 | November 6, 2015  |
|  3306 | 2015-11-06 10:45:00 | 2015-11-06 | 2015-11-06 | November 6, 2015  |
|  3321 | 2016-02-17 10:45:00 | 2016-02-17 | 2016-02-17 | February 17, 2016 |
|  3322 | 2016-02-10 09:15:00 | 2016-02-10 | 2016-02-10 | February 10, 2016 |
|  3323 | 2016-02-25 14:30:00 | 2016-02-25 | 2016-02-25 | February 25, 2016 |
|  3324 | 2016-02-25 10:45:00 | 2016-02-25 | 2016-02-25 | February 25, 2016 |
|  3325 | 2016-01-15 10:45:00 | 2016-01-15 | 2016-01-15 | January 15, 2016  |
|  3390 | 2015-11-22 09:00:00 | 2015-11-22 | 2015-11-22 | November 22, 2015 |
|  3392 | 2015-12-26 09:30:00 | 2015-12-26 | 2015-12-26 | December 26, 2015 |
|  3393 | 2015-12-23 12:15:00 | 2015-12-23 | 2015-12-23 | December 23, 2015 |
|  3409 | 2015-12-27 10:45:00 | 2015-12-27 | 2015-12-27 | December 27, 2015 |
|  3411 | 2015-12-29 14:00:00 | 2015-12-29 | 2015-12-29 | December 29, 2015 |
|  3412 | 2015-12-30 14:30:00 | 2015-12-30 | 2015-12-30 | December 30, 2015 |
|  3413 | 2015-12-01 16:30:00 | 2015-12-01 | 2015-12-01 | December 1, 2015  |
|  3420 | 2016-01-01 16:30:00 | 2016-01-01 | 2016-01-01 | January 1, 2016   |
|  3486 | 2015-12-31 13:00:00 | 2015-12-31 | 2015-12-31 | December 31, 2015 |
|  3494 | 2016-01-22 09:00:00 | 2016-01-22 | 2016-01-22 | January 22, 2016  |
|  3513 | 2015-11-06 10:30:00 | 2015-11-06 | 2015-11-06 | November 6, 2015  |
|  3552 | 2015-11-10 10:30:00 | 2015-11-10 | 2015-11-10 | November 10, 2015 |
|  3612 | 2015-12-23 08:30:00 | 2015-12-23 | 2015-12-23 | December 23, 2015 |
|  4101 | 2016-01-02 13:00:00 | 2016-01-02 | 2016-01-02 | January 2, 2016   |
|  4102 | 2016-01-08 13:00:00 | 2016-01-08 | 2016-01-08 | January 8, 2016   |
|  4103 | 2016-01-08 15:30:00 | 2016-01-08 | 2016-01-08 | January 8, 2016   |
|  4203 | 2015-08-03 14:30:00 | 2015-08-03 | 2015-08-03 | August 3, 2015    |
|  4233 | 2015-09-03 14:30:00 | 2015-09-03 | 2015-09-03 | September 3, 2015 |
|  4243 | 2015-06-08 15:30:00 | 2015-06-08 | 2015-06-08 | June 8, 2015      |
|  4255 | 2015-07-08 15:30:00 | 2015-07-08 | 2015-07-08 | July 8, 2015      |
|  4282 | 2015-08-23 10:30:00 | 2015-08-23 | 2015-08-23 | August 23, 2015   |
|  4514 | 2015-08-10 10:45:00 | 2015-08-10 | 2015-08-10 | August 10, 2015   |
|  4612 | 2015-07-23 08:30:00 | 2015-07-23 | 2015-07-23 | July 23, 2015     |
+-------+---------------------+------------+------------+-------------------+
46 rows in set (0.00 sec)

/*  TASK 06 */
select an_id
, an_name
from vets.vt_animals
join vets.vt_exam_headers using(an_id)
where ex_date >= '2015-01-01' and ex_date < '2015-06-31';

+-------+---------+
| an_id | an_name |
+-------+---------+
| 21307 | Buddy   |
| 21306 | Shadow  |
| 21320 | Morris  |
| 21320 | Morris  |
| 21316 | Etta    |
| 10002 | Gutsy   |
| 21006 | Koshka  |
| 12038 | Gutsy   |
| 16002 | Fritz   |
+-------+---------+
9 rows in set (0.00 sec)

/* TASK 07 */
select an_id
, an_name
from vets.vt_animals
join vets.vt_exam_headers using(an_id)
where year(ex_date) = year(now() - interval 1 month)
and month(ex_date) = month(now() - interval 1 month);

+-------+-----------+
| an_id | an_name   |
+-------+-----------+
| 12035 | Mr Peanut |
| 15001 | Big Mike  |
| 17026 | 3P#_26    |
| 16003 | Ursula    |
| 15001 | Big Mike  |
| 15001 | Big Mike  |
| 15002 | George    |
| 16002 | Fritz     |
+-------+-----------+
8 rows in set (0.00 sec)

/* TASK 08 */ 
select an_id
, an_name
, ex_date
from vets.vt_animals
join vets.vt_exam_headers using(an_id)
where date(ex_date) = last_day(ex_date); 

+-------+----------+---------------------+
| an_id | an_name  | ex_date             |
+-------+----------+---------------------+
| 15001 | Big Mike | 2016-01-31 09:00:00 |
| 21005 | Koshka   | 2015-12-31 13:00:00 |
+-------+----------+---------------------+
2 rows in set (0.00 sec)

/* TASK 09 */
select @num := floor((rand() * (150-75+1))+75);
select ex_id
, srv_id
, ex_fee
from vets.vt_exam_details
where ex_fee > @num;

+-----------------------------------------+
| @num := floor((rand() * (150-75+1))+75) |
+-----------------------------------------+
|                                      93 |
+-----------------------------------------+
1 row in set (0.00 sec)

+-------+--------+--------+
| ex_id | srv_id | ex_fee |
+-------+--------+--------+
|  2205 |    602 | 200.00 |
|  2289 |    523 | 275.00 |
|  2290 |    524 | 275.00 |
|  2400 |    461 | 275.00 |
|  3010 |    605 | 535.00 |
|  3105 |    110 | 150.00 |
|  3486 |    461 | 275.00 |
|  3612 |    602 | 222.00 |
|  3612 |    604 | 109.00 |
|  3612 |    625 | 155.00 |
|  4103 |    461 | 275.00 |
|  4243 |    461 | 275.00 |
|  4255 |    461 | 275.00 |
|  4612 |    602 | 222.00 |
+-------+--------+--------+
14 rows in set (0.00 sec)

/* TASK 10 */
select an_id
, an_type
, case when an_type in ('cat', 'dog') then 'Cat/Dog' 
     when an_type in ('hamster', 'capybara', 'porcupine', 'dormouse') then 'Rodent'
       when an_type in ('snake', 'chelonian', 'crocodilian', 'lizard') then 'Reptile'
       else an_type
       end as 'Category'            
from vets.vt_animals;

+-------+-----------+-----------+
| an_id | an_type   | Category  |
+-------+-----------+-----------+
| 11015 | bird      | bird      |
| 11025 | bird      | bird      |
| 11028 | bird      | bird      |
| 11029 | bird      | bird      |
| 12035 | bird      | bird      |
| 10002 | cat       | Cat/Dog   |
| 16003 | cat       | Cat/Dog   |
| 21314 | cat       | Cat/Dog   |
| 21315 | cat       | Cat/Dog   |
| 21316 | cat       | Cat/Dog   |
| 21317 | cat       | Cat/Dog   |
| 21318 | cat       | Cat/Dog   |
| 15165 | dog       | Cat/Dog   |
| 16043 | dog       | Cat/Dog   |
| 16044 | dog       | Cat/Dog   |
| 19845 | dog       | Cat/Dog   |
| 21003 | dog       | Cat/Dog   |
| 21205 | dog       | Cat/Dog   |
| 21305 | dog       | Cat/Dog   |
| 21306 | dog       | Cat/Dog   |
| 21307 | dog       | Cat/Dog   |
| 21005 | dormouse  | Rodent    |
| 21006 | hamster   | Rodent    |
| 21001 | hedgehog  | hedgehog  |
| 21002 | hedgehog  | hedgehog  |
| 15401 | lizard    | Reptile   |
| 17025 | lizard    | Reptile   |
| 17026 | lizard    | Reptile   |
| 17027 | lizard    | Reptile   |
| 21320 | olinguito | olinguito |
| 21321 | olinguito | olinguito |
| 12038 | porcupine | Rodent    |
| 16002 | porcupine | Rodent    |
| 17002 | porcupine | Rodent    |
| 21004 | snake     | Reptile   |
| 21007 | snake     | Reptile   |
| 15001 | turtle    | turtle    |
| 15002 | turtle    | turtle    |
+-------+-----------+-----------+
38 rows in set (0.00 sec)
